Rank,US City,US State,Population 2024,Population 2020,Annual Change,Density (/mile2),Area (mile2)
1,New York,New York,8097282,8740292,-0.0195,26950,300.46
2,Los Angeles,California,3795936,3895848,-0.0065,8068,470.52
3,Chicago,Illinois,2638159,2743329,-0.0099,11584,227.75
4,Houston,Texas,2319119,2299269,0.0021,3620,640.61
5,Phoenix,Arizona,1662607,1612459,0.0076,3208,518.33
6,Philadelphia,Pennsylvania,1533828,1600684,-0.0108,11416,134.36
7,San Antonio,Texas,1513974,1439257,0.0125,3034,498.92
8,San Diego,California,1388996,1386292,0.0005,4260,326.09
9,Dallas,Texas,1302753,1303212,-0.0001,3835,339.68
10,Jacksonville,Florida,997164,951880,0.0115,1334,747.26
11,Fort Worth,Texas,996756,923602,0.0187,2846,350.27
12,Austin,Texas,984567,965827,0.0048,3017,326.37
13,San Jose,California,956433,1009319,-0.0136,5375,177.94
14,Charlotte,North Carolina,923164,875752,0.013,2971,310.76
15,Columbus,Ohio,915427,906418,0.0025,4147,220.72
16,Indianapolis (balance),Indiana,876665,887177,-0.003,2428,361.02
17,San Francisco,California,788478,870518,-0.0254,16884,46.7
18,Seattle,Washington,759915,740565,0.0064,9047,84.0
19,Denver,Colorado,716234,717606,-0.0005,4679,153.07
20,Oklahoma City,Oklahoma,709330,683078,0.0093,1170,606.48
21,Nashville (balance),Tennessee,687150,689700,-0.0009,1445,475.57
22,Washington,District of Columbia,681683,670839,0.004,11152,61.13
23,El Paso,Texas,678859,679255,-0.0001,2623,258.79
24,Las Vegas,Nevada,665640,646794,0.0071,4692,141.86
25,Boston,Massachusetts,646622,675466,-0.011,13377,48.34
26,Detroit,Michigan,631524,638300,-0.0027,4552,138.74
27,Portland,Oregon,622882,653344,-0.0121,4666,133.49
28,Louisville/Jefferson County (balance),Kentucky,620004,631912,-0.0048,2357,263.06
29,Memphis,Tennessee,613110,635225,-0.0089,2070,296.2
30,Baltimore,Maryland,559266,583157,-0.0106,6909,80.95
31,Albuquerque,New Mexico,558736,564888,-0.0027,2984,187.27
32,Milwaukee,Wisconsin,556111,577207,-0.0094,5782,96.17
33,Tucson,Arizona,548772,542638,0.0028,2266,242.19
34,Fresno,California,546718,542710,0.0018,4720,115.82
35,Sacramento,California,526669,525528,0.0005,5339,98.65
36,Atlanta,Georgia,514465,499896,0.0071,3804,135.25
37,Mesa,Arizona,513567,505890,0.0038,3632,141.38
38,Kansas City,Missouri,511532,508220,0.0016,1626,314.68
39,Colorado Springs,Colorado,491441,480331,0.0057,2434,201.87
40,Raleigh,North Carolina,487942,465354,0.0117,3265,149.45
41,Omaha,Nebraska,480194,492758,-0.0065,3358,142.98
42,Miami,Florida,460289,442827,0.0096,12787,36.0
43,Virginia Beach,Virginia,451637,459684,-0.0044,1846,244.72
44,Long Beach,California,444095,465585,-0.012,8764,50.67
45,Oakland,California,435024,440943,-0.0034,7773,55.96
46,Minneapolis,Minnesota,423250,430710,-0.0044,7838,54.0
47,Bakersfield,California,416081,405280,0.0065,2769,150.27
48,Tulsa,Oklahoma,411308,413651,-0.0014,2080,197.76
49,Tampa,Florida,408510,387924,0.0128,3595,113.64
50,Arlington,Texas,399825,394248,0.0035,4172,95.84
51,Aurora,Colorado,397811,386773,0.007,2440,163.01
52,Wichita,Kansas,395484,398024,-0.0016,2427,162.94
53,Cleveland,Ohio,359606,371806,-0.0084,4626,77.73
54,New Orleans,Louisiana,357767,383241,-0.0175,2111,169.5
55,Henderson,Nevada,343382,319072,0.018,2849,120.52
56,Honolulu,Hawaii,339558,347181,-0.0065,5601,60.62
57,Anaheim,California,338463,346658,-0.006,6731,50.28
58,Orlando,Florida,325044,307834,0.0134,2922,111.24
59,Riverside,California,320121,315067,0.004,3945,81.15
60,Lexington,Kentucky,319329,322627,-0.0026,1125,283.86
61,Stockton,California,319065,320976,-0.0015,5057,63.09
62,Irvine,California,316691,308411,0.0066,4827,65.61
63,Corpus Christi,Texas,316105,318065,-0.0015,1948,162.28
64,Cincinnati,Ohio,311595,309601,0.0016,3999,77.91
65,Santa Ana,California,310304,311244,-0.0008,11335,27.38
66,Greensboro,North Carolina,304279,296345,0.0066,2273,133.86
67,Pittsburgh,Pennsylvania,303413,302779,0.0005,5479,55.38
68,Newark,New Jersey,303065,310645,-0.0062,12552,24.14
69,St. Paul,Minnesota,301380,311140,-0.008,5799,51.97
70,Durham,North Carolina,300100,284444,0.0132,2570,116.75
71,Lincoln,Nebraska,295798,291633,0.0035,2959,99.97
72,North Las Vegas,Nevada,292623,261214,0.0276,2778,105.32
73,Jersey City,New Jersey,291559,291949,-0.0003,19769,14.75
74,Plano,Texas,291450,286408,0.0043,4065,71.7
75,Anchorage,Alaska,284469,290893,-0.0056,167,1707.0
76,Madison,Wisconsin,282005,275204,0.0061,3394,83.09
77,Chandler,Arizona,281107,277345,0.0034,4283,65.64
78,Reno,Nevada,278226,264981,0.012,2553,108.99
79,Gilbert,Arizona,277490,269173,0.0076,4041,68.66
80,St. Louis,Missouri,275506,300496,-0.0222,4464,61.72
81,Chula Vista,California,273841,275809,-0.0018,5517,49.64
82,Buffalo,New York,273720,277551,-0.0035,6779,40.38
83,Fort Wayne,Indiana,271865,264380,0.0069,2457,110.63
84,Lubbock,Texas,269833,258013,0.0111,1901,141.96
85,St. Petersburg,Florida,264982,259266,0.0054,4287,61.8
86,Toledo,Ohio,263646,270276,-0.0063,3276,80.49
87,Laredo,Texas,258306,255489,0.0027,2418,106.82
88,Port St. Lucie,Florida,257756,206815,0.052,2162,119.22
89,Glendale,Arizona,255490,248949,0.0064,3806,67.13
90,Chesapeake,Virginia,255254,249781,0.0054,754,338.46
91,Winston-Salem,North Carolina,254032,249804,0.0042,1902,133.58
92,Irving,Texas,253561,256807,-0.0032,3786,66.98
93,Scottsdale,Arizona,245231,241883,0.0034,1333,184.0
94,Garland,Texas,242523,246311,-0.0039,4265,56.86
95,Enterprise,Nevada,236331,214591,0.0235,3581,66.0
96,Arlington,Virginia,236007,236434,0.0003,9078,26.0
97,Boise,Idaho,235216,236034,-0.0009,2782,84.55
98,Cape Coral,Florida,234132,195422,0.0431,2206,106.12
99,Frisco,Texas,232424,202754,0.033,3389,68.59
100,Richmond,Virginia,230017,226936,0.0034,3838,59.92
101,Spokane,Washington,229527,229205,0.0003,3338,68.76
102,Norfolk,Virginia,228643,237789,-0.0099,4292,53.27
103,Huntsville,Alabama,228616,216407,0.0135,1022,223.63
104,Fremont,California,224800,230430,-0.0062,2878,78.1
105,San Bernardino,California,224274,222090,0.0024,3611,62.1
106,Tacoma,Washington,223968,219719,0.0048,4505,49.71
107,Spring Valley,Nevada,221531,218697,0.0032,6239,35.51
108,Santa Clarita,California,221235,232406,-0.0125,3005,73.61
109,Hialeah,Florida,220930,222408,-0.0017,10237,21.58
110,Modesto,California,218989,218691,0.0003,5051,43.36
111,McKinney,Texas,218846,197497,0.025,3268,66.96
112,Fontana,California,217561,209177,0.0097,5027,43.28
113,Baton Rouge,Louisiana,217342,226264,-0.0102,2500,86.94
114,Moreno Valley,California,213566,208868,0.0055,4162,51.31
115,Salt Lake City,Utah,212570,200660,0.0142,1917,110.89
116,Sioux Falls,South Dakota,210734,193437,0.021,2549,82.67
117,Fayetteville,North Carolina,209942,209170,0.0009,1416,148.27
118,Des Moines,Iowa,209232,213826,-0.0055,2373,88.16
119,Worcester,Massachusetts,208476,205056,0.0041,5580,37.36
120,Yonkers,New York,206544,210994,-0.0054,11471,18.01
121,Rochester,New York,206078,210862,-0.0058,5763,35.76
122,Little Rock,Arkansas,204244,202634,0.002,1698,120.28
123,Grand Prairie,Texas,204093,196255,0.0097,2815,72.51
124,Tallahassee,Florida,203650,197933,0.0071,1988,102.43
125,Amarillo,Texas,203035,200526,0.0031,1960,103.61
126,Peoria,Arizona,201001,191997,0.0113,1138,176.7
127,Augusta-Richmond County (balance),Georgia,200512,201999,-0.0018,663,302.28
128,Knoxville,Tennessee,200400,191446,0.0113,2030,98.73
129,Columbus,Georgia,200167,207006,-0.0085,925,216.5
130,Sunrise Manor,Nevada,198463,198187,0.0003,5887,33.71
131,Vancouver,Washington,198163,191278,0.0088,4065,48.75
132,Oxnard,California,197347,201911,-0.0057,7434,26.55
133,Overland Park,Kansas,196874,197734,-0.0011,2617,75.22
134,Grand Rapids,Michigan,195908,198707,-0.0036,4375,44.78
135,Birmingham,Alabama,195400,200375,-0.0063,1329,147.07
136,Montgomery,Alabama,193702,200041,-0.0081,1212,159.86
137,Tempe,Arizona,191336,185328,0.0079,4786,39.98
138,Brownsville,Texas,191209,187004,0.0055,1451,131.8
139,Providence,Rhode Island,190807,190745,0.0001,10367,18.41
140,Huntington Beach,California,190037,198405,-0.0109,7043,26.98
141,Paradise,Nevada,189495,193150,-0.0006,4469,42.4
142,Chattanooga,Tennessee,188850,181568,0.0097,1327,142.35
143,Akron,Ohio,188219,190146,-0.0026,3039,61.93
144,Clarksville,Tennessee,185118,167509,0.0244,1856,99.75
145,Fort Lauderdale,Florida,184709,182892,0.0025,5341,34.58
146,Ontario,California,184705,175712,0.0123,3695,49.98
147,Glendale,California,184088,195934,-0.0158,6040,30.48
148,Newport News,Virginia,182141,186047,-0.0053,2640,69.0
149,Cary,North Carolina,181754,174778,0.0097,3023,60.13
150,Mobile,Alabama,181253,186621,-0.0073,1299,139.48
151,Elk Grove,California,179069,176569,0.0035,4203,42.6
152,Eugene,Oregon,178056,177428,0.0009,4006,44.45
153,Salem,Oregon,177928,175942,0.0028,3636,48.93
154,Aurora,Illinois,176679,180215,-0.005,3922,45.05
155,Santa Rosa,California,175140,177959,-0.004,4117,42.54
156,Shreveport,Louisiana,174996,186848,-0.0167,1618,108.14
157,Rancho Cucamonga,California,174312,174683,-0.0005,3748,46.51
158,Pembroke Pines,Florida,171134,171073,0.0001,5236,32.68
159,Springfield,Missouri,170525,169177,0.002,2049,83.21
160,Fort Collins,Colorado,170507,169982,0.0008,2979,57.23
161,Murfreesboro,Tennessee,169321,153757,0.0235,2634,64.28
162,Oceanside,California,168705,173965,-0.0077,4088,41.27
163,Garden Grove,California,167024,171863,-0.0072,9303,17.95
164,Denton,Texas,164096,141107,0.0363,1693,96.92
165,Lancaster,California,163950,173094,-0.0138,1739,94.28
166,Surprise,Arizona,162911,144407,0.0292,1474,110.5
167,Roseville,California,162674,148516,0.0222,3690,44.09
168,Killeen,Texas,161612,153735,0.0123,2958,54.63
169,Corona,California,161161,157468,0.0058,4040,39.89
170,Palmdale,California,158907,168895,-0.0155,1498,106.06
171,Salinas,California,158211,163391,-0.0081,6728,23.52
172,Charleston,South Carolina,156868,150872,0.0097,1363,115.05
173,Macon-Bibb County,Georgia,156337,157035,-0.0011,627,249.38
174,Lakewood,Colorado,155865,156247,-0.0006,3587,43.46
175,Paterson,New Jersey,155495,159323,-0.0061,18483,8.41
176,Hollywood,Florida,154211,152802,0.0023,5659,27.25
177,Alexandria,Virginia,153927,159139,-0.0084,10306,14.94
178,Hayward,California,153344,162666,-0.015,3347,45.82
179,Springfield,Massachusetts,153136,155280,-0.0035,4805,31.87
180,Kansas City,Kansas,151811,156298,-0.0073,1217,124.74
181,Bellevue,Washington,151505,151780,-0.0005,4527,33.47
182,Sunnyvale,California,150872,155250,-0.0072,6839,22.06
183,Joliet,Illinois,150568,150251,0.0005,2277,66.12
184,Naperville,Illinois,150520,149419,0.0018,3844,39.16
185,Olathe,Kansas,149419,141586,0.0133,2393,62.45
186,Bridgeport,Connecticut,148131,147717,0.0007,9221,16.06
187,McAllen,Texas,147989,142404,0.0095,2374,62.33
188,Savannah,Georgia,147845,147456,0.0007,1358,108.89
189,Escondido,California,147158,151014,-0.0065,3940,37.35
190,Gainesville,Florida,147001,142245,0.0081,2297,63.99
191,Mesquite,Texas,146547,149627,-0.0052,2985,49.1
192,Waco,Texas,146241,140541,0.0098,1607,91.0
193,Visalia,California,146073,141771,0.0074,3827,38.17
194,Thornton,Colorado,145834,142185,0.0063,3995,36.5
195,Rockford,Illinois,145270,148670,-0.0058,2232,65.08
196,Syracuse,New York,145171,146726,-0.0027,5793,25.06
197,Pasadena,Texas,145165,151368,-0.0106,3323,43.69
198,Columbia,South Carolina,144489,136195,0.0146,1045,138.26
199,Pomona,California,143674,150984,-0.0126,6251,22.98
200,Palm Bay,Florida,140700,120163,0.0379,1623,86.68
201,Jackson,Mississippi,140613,152997,-0.0215,1259,111.69
202,Victorville,California,140279,134638,0.0101,1903,73.71
203,Midland,Texas,140232,132890,0.0133,1846,75.98
204,Meridian,Idaho,139920,119443,0.038,3796,36.86
205,Miramar,Florida,139586,134516,0.0092,4838,28.85
206,Metairie,Louisiana,138958,138511,-0.0039,6000,23.16
207,Orange,California,137965,139451,-0.0027,5375,25.67
208,Fullerton,California,137911,143267,-0.0096,6151,22.42
209,New Haven,Connecticut,137173,129757,0.0137,7339,18.69
210,Hampton,Virginia,137037,137280,-0.0004,2663,51.46
211,Torrance,California,136818,146442,-0.0173,6669,20.52
212,Stamford,Connecticut,136480,135462,0.0019,3627,37.63
213,Lewisville,Texas,135930,126422,0.0178,3343,40.66
214,Warren,Michigan,135832,139122,-0.006,3951,34.38
215,Fargo,North Dakota,135588,125986,0.018,2667,50.83
216,Elizabeth,New Jersey,135546,136677,-0.0021,11003,12.32
217,Cedar Rapids,Iowa,135358,137758,-0.0044,1825,74.16
218,Coral Springs,Florida,135152,134168,0.0018,5911,22.86
219,Dayton,Ohio,134850,137496,-0.0049,2416,55.81
220,Round Rock,Texas,133691,120549,0.0252,3526,37.92
221,Sterling Heights,Michigan,133055,134059,-0.0019,3651,36.45
222,Carrollton,Texas,132706,133552,-0.0016,3621,36.65
223,West Valley City,Utah,132635,139973,-0.0136,3702,35.83
224,Kent,Washington,132306,136592,-0.008,3911,33.83
225,Pasadena,California,131926,138462,-0.0122,5746,22.96
226,Santa Clara,California,131886,128588,0.0063,7216,18.28
227,Norman,Oklahoma,130674,128161,0.0048,731,178.65
228,Columbia,Missouri,130337,126307,0.0078,1936,67.31
229,Abilene,Texas,130251,125417,0.0094,1221,106.67
230,Athens-Clarke County (balance),Georgia,129089,127245,0.0036,1109,116.44
231,Pearland,Texas,128316,125996,0.0045,2634,48.72
232,Clovis,California,127511,120770,0.0134,4932,25.85
233,College Station,Texas,126665,120771,0.0118,2476,51.16
234,West Palm Beach,Florida,126337,117507,0.0178,2345,53.87
235,Topeka,Kansas,125154,126437,-0.0026,2030,61.66
236,Lakeland,Florida,125056,113888,0.0228,1879,66.56
237,Wilmington,North Carolina,125007,115770,0.0188,2431,51.41
238,Simi Valley,California,124703,126343,-0.0033,3002,41.54
239,Allentown,Pennsylvania,124597,125727,-0.0023,7094,17.56
240,Lehigh Acres,Florida,124357,124523,-0.0003,1342,92.69
241,North Charleston,South Carolina,123441,115551,0.0162,1590,77.63
242,Rochester,Minnesota,122692,121575,0.0023,2172,56.49
243,Thousand Oaks,California,122342,126824,-0.0091,2214,55.26
244,The Woodlands,Texas,122272,114532,0.0161,2826,43.27
245,Billings,Montana,122077,117224,0.01,2679,45.57
246,Vallejo,California,121778,125894,-0.0084,4001,30.43
247,Lafayette,Louisiana,121471,121455,0.0,2169,56.02
248,Concord,California,121324,125286,-0.0081,3969,30.57
249,Fairfield,California,121079,119833,0.0026,2912,41.59
250,Broken Arrow,Oklahoma,120949,113928,0.0147,1921,62.96
251,Arvada,Colorado,120437,124343,-0.008,3090,38.97
252,Independence,Missouri,120263,122899,-0.0055,1542,77.99
253,Spring Hill,Florida,120022,113742,0.0132,2003,59.92
254,Hartford,Connecticut,119626,119798,-0.0004,6883,17.38
255,Nampa,Idaho,118587,101310,0.0378,3410,34.77
256,Cambridge,Massachusetts,118212,118218,0.0,18479,6.4
257,Ann Arbor,Michigan,117971,123611,-0.0118,4164,28.33
258,Antioch,California,117668,115379,0.0049,4034,29.17
259,High Point,North Carolina,117619,114846,0.0059,2052,57.33
260,New Braunfels,Texas,117396,91643,0.058,2607,45.03
261,Berkeley,California,117214,124205,-0.0147,11236,10.43
262,League City,Texas,116874,114657,0.0048,2275,51.36
263,Menifee,California,116834,103228,0.03,2515,46.46
264,Richardson,Texas,116813,119299,-0.0053,4090,28.56
265,Clearwater,Florida,116689,117333,-0.0014,4458,26.18
266,Goodyear,Arizona,116460,97838,0.0416,609,191.31
267,Odessa,Texas,116015,114926,0.0024,2236,51.89
268,Las Cruces,New Mexico,115956,111698,0.0093,1507,76.93
269,Manchester,New Hampshire,115462,115508,-0.0001,3492,33.07
270,Waterbury,Connecticut,115360,113880,0.0032,4040,28.56
271,Evansville,Indiana,114651,117373,-0.0059,2421,47.35
272,Westminster,Colorado,114302,116594,-0.005,3615,31.62
273,West Jordan,Utah,114200,117032,-0.0062,3505,32.59
274,Pompano Beach,Florida,114173,111957,0.0049,4744,24.07
275,Brandon,Florida,114109,115909,-0.0036,3444,33.13
276,Buckeye,Arizona,113958,93761,0.0464,289,394.83
277,East Los Angeles,California,113940,120504,-0.0142,15288,7.45
278,Conroe,Texas,113912,91255,0.0523,1503,75.8
279,Lowell,Massachusetts,113907,115462,-0.0034,8369,13.61
280,Greeley,Colorado,113721,109272,0.0099,2300,49.43
281,Tuscaloosa,Alabama,113711,104217,0.0213,1830,62.15
282,Allen,Texas,113644,105548,0.0181,4304,26.4
283,Richmond,California,113409,116196,-0.0061,3775,30.04
284,Carlsbad,California,113018,114924,-0.0042,2989,37.81
285,Elgin,Illinois,112874,114617,-0.0039,2959,38.14
286,Provo,Utah,112756,115103,-0.0052,2704,41.7
287,Rio Rancho,New Mexico,112735,104433,0.0188,1091,103.36
288,Murrieta,California,112122,111146,0.0022,3343,33.54
289,Lansing,Michigan,111964,112566,-0.0014,2857,39.19
290,Springfield,Illinois,111959,114298,-0.0052,1828,61.26
291,Concord,North Carolina,111863,104885,0.0158,1747,64.03
292,South Fulton,Georgia,111823,108211,0.0081,1203,92.95
293,Tyler,Texas,111678,106272,0.0123,1932,57.79
294,Beaumont,Texas,111305,114857,-0.0079,1355,82.14
295,Everett,Washington,111275,110893,0.0008,3312,33.6
296,Temecula,California,110878,110094,0.0018,2982,37.18
297,Pueblo,Colorado,110803,111899,-0.0025,1961,56.49
298,Sparks,Nevada,110801,108889,0.0043,3036,36.49
299,Miami Gardens,Florida,110463,111477,-0.0023,5979,18.48
300,Santa Maria,California,110055,109782,0.0006,4825,22.81
